"Part";"Value";"Device";"Package";"Description";"HOUSEPART";"LCSCPART#";"MF";"MPN";"OC_FARNELL";"OC_NEWARK";"POPULARITY";"POPULATE";"PROD_ID";"SF_ID";"SPICEPREFIX";"URL";"VALUE";
"C1";"10uF/16V";"C-3216(TANTAL)";"C-3216(TANTAL)";"";"";"";"";"";"";"";"";"";"";"";"";"";"";
"C2";"20pF";"C-EUC0402";"C0402";"CAPACITOR, European symbol";"";"";"";"";"";"";"18";"";"";"";"C";"";"";
"C3";"100nF";"C-EUC0402";"C0402";"CAPACITOR, European symbol";"";"";"";"";"";"";"18";"";"";"";"C";"";"";
"C4";"100nF";"C-EUC0402";"C0402";"CAPACITOR, European symbol";"";"";"";"";"";"";"18";"";"";"";"C";"";"";
"C5";"100nF";"C-EUC0402";"C0402";"CAPACITOR, European symbol";"";"";"";"";"";"";"18";"";"";"";"C";"";"";
"C6";"100nF";"C-EUC0402";"C0402";"CAPACITOR, European symbol";"";"";"";"";"";"";"18";"";"";"";"C";"";"";
"C7";"470nF - 50V";"C-EUC0805";"C0805";"CAPACITOR, European symbol";"";"";"";"";"";"";"88";"";"";"";"C";"";"";
"C8";"100nF";"C-EUC0402";"C0402";"CAPACITOR, European symbol";"";"";"";"";"";"";"18";"";"";"";"C";"";"";
"C9";"10nF";"C-EUC0402";"C0402";"CAPACITOR, European symbol";"";"";"";"";"";"";"18";"";"";"";"C";"";"";
"C10";"4.7µF";"C-EUC0402";"C0402";"CAPACITOR, European symbol";"";"";"";"";"";"";"18";"";"";"";"C";"";"";
"C11";"470nF - 50V";"C-EUC0805";"C0805";"CAPACITOR, European symbol";"";"";"";"";"";"";"88";"";"";"";"C";"";"";
"C12";"6.8nF";"C-EUC0402";"C0402";"CAPACITOR, European symbol";"";"";"";"";"";"";"18";"";"";"";"C";"";"";
"C13";"10nF";"C-EUC0402";"C0402";"CAPACITOR, European symbol";"";"";"";"";"";"";"18";"";"";"";"C";"";"";
"C14";"22nF";"C-EUC0402";"C0402";"CAPACITOR, European symbol";"";"";"";"";"";"";"18";"";"";"";"C";"";"";
"C15";"100nF";"C-EUC0402";"C0402";"CAPACITOR, European symbol";"";"";"";"";"";"";"18";"";"";"";"C";"";"";
"C16";"6.8nF";"C-EUC0402";"C0402";"CAPACITOR, European symbol";"";"";"";"";"";"";"18";"";"";"";"C";"";"";
"C17";"10pF";"C-EUC0402";"C0402";"CAPACITOR, European symbol";"";"";"";"";"";"";"18";"";"";"";"C";"";"";
"C18";"18pF";"C-EUC0402";"C0402";"CAPACITOR, European symbol";"";"";"";"";"";"";"18";"";"";"";"C";"";"";
"C19";"18pF";"C-EUC0402";"C0402";"CAPACITOR, European symbol";"";"";"";"";"";"";"18";"";"";"";"C";"";"";
"C20";"100nF";"C-EUC0402";"C0402";"CAPACITOR, European symbol";"";"";"";"";"";"";"18";"";"";"";"C";"";"";
"C21";"10pF";"C-EUC0402";"C0402";"CAPACITOR, European symbol";"";"";"";"";"";"";"18";"";"";"";"C";"";"";
"C22";"100nF";"C-EUC0402";"C0402";"CAPACITOR, European symbol";"";"";"";"";"";"";"18";"";"";"";"C";"";"";
"C23";"10uF/16V";"C-3216(TANTAL)";"C-3216(TANTAL)";"";"";"";"";"";"";"";"";"";"";"";"";"";"";
"C24";"100nF";"C-EUC0402";"C0402";"CAPACITOR, European symbol";"";"";"";"";"";"";"18";"";"";"";"C";"";"";
"C25";"100nF";"C-EUC0402";"C0402";"CAPACITOR, European symbol";"";"";"";"";"";"";"18";"";"";"";"C";"";"";
"C26";"100nF";"C-EUC0402";"C0402";"CAPACITOR, European symbol";"";"";"";"";"";"";"18";"";"";"";"C";"";"";
"C27";"100nF";"C-EUC0402";"C0402";"CAPACITOR, European symbol";"";"";"";"";"";"";"18";"";"";"";"C";"";"";
"C28";"1µF";"C-EUC0402";"C0402";"CAPACITOR, European symbol";"";"";"";"";"";"";"18";"";"";"";"C";"";"";
"C29";"20pF";"C-EUC0402";"C0402";"CAPACITOR, European symbol";"";"";"";"";"";"";"18";"";"";"";"C";"";"";
"C30";"470nF - 50V";"C-EUC0805";"C0805";"CAPACITOR, European symbol";"";"";"";"";"";"";"88";"";"";"";"C";"";"";
"C31";"470nF - 50V";"C-EUC0805";"C0805";"CAPACITOR, European symbol";"";"";"";"";"";"";"88";"";"";"";"C";"";"";
"C32";"470nF - 50V";"C-EUC0805";"C0805";"CAPACITOR, European symbol";"";"";"";"";"";"";"88";"";"";"";"C";"";"";
"C33";"470nF - 50V";"C-EUC0805";"C0805";"CAPACITOR, European symbol";"";"";"";"";"";"";"88";"";"";"";"C";"";"";
"C34";"470nF - 50V";"C-EUC0805";"C0805";"CAPACITOR, European symbol";"";"";"";"";"";"";"88";"";"";"";"C";"";"";
"C35";"470nF - 50V";"C-EUC0805";"C0805";"CAPACITOR, European symbol";"";"";"";"";"";"";"88";"";"";"";"C";"";"";
"C36";"470nF - 50V";"C-EUC0805";"C0805";"CAPACITOR, European symbol";"";"";"";"";"";"";"88";"";"";"";"C";"";"";
"C37";"470nF - 50V";"C-EUC0805";"C0805";"CAPACITOR, European symbol";"";"";"";"";"";"";"88";"";"";"";"C";"";"";
"C38";"470nF - 50V";"C-EUC0805";"C0805";"CAPACITOR, European symbol";"";"";"";"";"";"";"88";"";"";"";"C";"";"";
"C39";"470nF - 50V";"C-EUC0805";"C0805";"CAPACITOR, European symbol";"";"";"";"";"";"";"88";"";"";"";"C";"";"";
"C40";"470nF - 50V";"C-EUC0805";"C0805";"CAPACITOR, European symbol";"";"";"";"";"";"";"88";"";"";"";"C";"";"";
"C41";"470nF - 50V";"C-EUC0805";"C0805";"CAPACITOR, European symbol";"";"";"";"";"";"";"88";"";"";"";"C";"";"";
"C42";"470nF - 50V";"C-EUC0805";"C0805";"CAPACITOR, European symbol";"";"";"";"";"";"";"88";"";"";"";"C";"";"";
"C43";"470nF - 50V";"C-EUC0805";"C0805";"CAPACITOR, European symbol";"";"";"";"";"";"";"88";"";"";"";"C";"";"";
"C44";"10uF/16V";"C-3216(TANTAL)";"C-3216(TANTAL)";"";"";"";"";"";"";"";"";"";"";"";"";"";"";
"C45";"100pF";"C-EUC0402";"C0402";"CAPACITOR, European symbol";"";"";"";"";"";"";"18";"";"";"";"C";"";"";
"C46";"100pF";"C-EUC0402";"C0402";"CAPACITOR, European symbol";"";"";"";"";"";"";"18";"";"";"";"C";"";"";
"C47";"22pF";"C-EUC0402";"C0402";"CAPACITOR, European symbol";"";"";"";"";"";"";"18";"";"";"";"C";"";"";
"C48";"22pF";"C-EUC0402";"C0402";"CAPACITOR, European symbol";"";"";"";"";"";"";"18";"";"";"";"C";"";"";
"C49";"470nF - 50V";"C-EUC0805";"C0805";"CAPACITOR, European symbol";"";"";"";"";"";"";"88";"";"";"";"C";"";"";
"C50";"470nF - 50V";"C-EUC0805";"C0805";"CAPACITOR, European symbol";"";"";"";"";"";"";"88";"";"";"";"C";"";"";
"C51";"470nF - 50V";"C-EUC0805";"C0805";"CAPACITOR, European symbol";"";"";"";"";"";"";"88";"";"";"";"C";"";"";
"C52";"470nF - 50V";"C-EUC0805";"C0805";"CAPACITOR, European symbol";"";"";"";"";"";"";"88";"";"";"";"C";"";"";
"C53";"470nF - 50V";"C-EUC0805";"C0805";"CAPACITOR, European symbol";"";"";"";"";"";"";"88";"";"";"";"C";"";"";
"C54";"470nF - 50V";"C-EUC0805";"C0805";"CAPACITOR, European symbol";"";"";"";"";"";"";"88";"";"";"";"C";"";"";
"C55";"470nF - 50V";"C-EUC0805";"C0805";"CAPACITOR, European symbol";"";"";"";"";"";"";"88";"";"";"";"C";"";"";
"C56";"470nF - 50V";"C-EUC0805";"C0805";"CAPACITOR, European symbol";"";"";"";"";"";"";"88";"";"";"";"C";"";"";
"C57";"470nF - 50V";"C-EUC0805";"C0805";"CAPACITOR, European symbol";"";"";"";"";"";"";"88";"";"";"";"C";"";"";
"C58";"470nF - 50V";"C-EUC0805";"C0805";"CAPACITOR, European symbol";"";"";"";"";"";"";"88";"";"";"";"C";"";"";
"C59";"470nF - 50V";"C-EUC0805";"C0805";"CAPACITOR, European symbol";"";"";"";"";"";"";"88";"";"";"";"C";"";"";
"C60";"470nF - 50V";"C-EUC0805";"C0805";"CAPACITOR, European symbol";"";"";"";"";"";"";"88";"";"";"";"C";"";"";
"C61";"470nF - 50V";"C-EUC0805";"C0805";"CAPACITOR, European symbol";"";"";"";"";"";"";"88";"";"";"";"C";"";"";
"C62";"470nF - 50V";"C-EUC0805";"C0805";"CAPACITOR, European symbol";"";"";"";"";"";"";"88";"";"";"";"C";"";"";
"CONN1";"CON-USB-F-MICRO-B-2-SD-47589-001_ALIKE";"CON-USB-F-MICRO-B-2-SD-47589-001_ALIKE";"CON_USB_MICRO-B-3";"Micro USB based on molex SD-47589-001";"";"";"";"";"";"";"";"";"";"";"";"";"";
"D1";"CGRM4007-G";"CGRM4007-G";"SOD-123_MINI-SMA";"Molded plasitc,JEDEC SOD-123/Mini SMA";"";"";"";"";"";"";"0";"";"";"";"";"";"";
"D2";"CGRM4007-G";"CGRM4007-G";"SOD-123_MINI-SMA";"Molded plasitc,JEDEC SOD-123/Mini SMA";"";"";"";"";"";"";"0";"";"";"";"";"";"";
"D3";"CGRM4007-G";"CGRM4007-G";"SOD-123_MINI-SMA";"Molded plasitc,JEDEC SOD-123/Mini SMA";"";"";"";"";"";"";"0";"";"";"";"";"";"";
"D4";"CGRM4007-G";"CGRM4007-G";"SOD-123_MINI-SMA";"Molded plasitc,JEDEC SOD-123/Mini SMA";"";"";"";"";"";"";"0";"";"";"";"";"";"";
"D5";"CGRM4007-G";"CGRM4007-G";"SOD-123_MINI-SMA";"Molded plasitc,JEDEC SOD-123/Mini SMA";"";"";"";"";"";"";"0";"";"";"";"";"";"";
"D6";"CGRM4007-G";"CGRM4007-G";"SOD-123_MINI-SMA";"Molded plasitc,JEDEC SOD-123/Mini SMA";"";"";"";"";"";"";"0";"";"";"";"";"";"";
"D7";"CGRM4007-G";"CGRM4007-G";"SOD-123_MINI-SMA";"Molded plasitc,JEDEC SOD-123/Mini SMA";"";"";"";"";"";"";"0";"";"";"";"";"";"";
"D8";"CGRM4007-G";"CGRM4007-G";"SOD-123_MINI-SMA";"Molded plasitc,JEDEC SOD-123/Mini SMA";"";"";"";"";"";"";"0";"";"";"";"";"";"";
"D9";"CGRM4007-G";"CGRM4007-G";"SOD-123_MINI-SMA";"Molded plasitc,JEDEC SOD-123/Mini SMA";"";"";"";"";"";"";"0";"";"";"";"";"";"";
"D10";"CGRM4007-G";"CGRM4007-G";"SOD-123_MINI-SMA";"Molded plasitc,JEDEC SOD-123/Mini SMA";"";"";"";"";"";"";"0";"";"";"";"";"";"";
"D11";"CGRM4007-G";"CGRM4007-G";"SOD-123_MINI-SMA";"Molded plasitc,JEDEC SOD-123/Mini SMA";"";"";"";"";"";"";"0";"";"";"";"";"";"";
"D12";"CGRM4007-G";"CGRM4007-G";"SOD-123_MINI-SMA";"Molded plasitc,JEDEC SOD-123/Mini SMA";"";"";"";"";"";"";"0";"";"";"";"";"";"";
"D13";"CGRM4007-G";"CGRM4007-G";"SOD-123_MINI-SMA";"Molded plasitc,JEDEC SOD-123/Mini SMA";"";"";"";"";"";"";"0";"";"";"";"";"";"";
"D14";"CGRM4007-G";"CGRM4007-G";"SOD-123_MINI-SMA";"Molded plasitc,JEDEC SOD-123/Mini SMA";"";"";"";"";"";"";"0";"";"";"";"";"";"";
"D15";"CGRM4007-G";"CGRM4007-G";"SOD-123_MINI-SMA";"Molded plasitc,JEDEC SOD-123/Mini SMA";"";"";"";"";"";"";"0";"";"";"";"";"";"";
"D16";"CGRM4007-G";"CGRM4007-G";"SOD-123_MINI-SMA";"Molded plasitc,JEDEC SOD-123/Mini SMA";"";"";"";"";"";"";"0";"";"";"";"";"";"";
"D17";"CGRM4007-G";"CGRM4007-G";"SOD-123_MINI-SMA";"Molded plasitc,JEDEC SOD-123/Mini SMA";"";"";"";"";"";"";"0";"";"";"";"";"";"";
"D18";"CGRM4007-G";"CGRM4007-G";"SOD-123_MINI-SMA";"Molded plasitc,JEDEC SOD-123/Mini SMA";"";"";"";"";"";"";"0";"";"";"";"";"";"";
"D19";"CGRM4007-G";"CGRM4007-G";"SOD-123_MINI-SMA";"Molded plasitc,JEDEC SOD-123/Mini SMA";"";"";"";"";"";"";"0";"";"";"";"";"";"";
"D20";"CGRM4007-G";"CGRM4007-G";"SOD-123_MINI-SMA";"Molded plasitc,JEDEC SOD-123/Mini SMA";"";"";"";"";"";"";"0";"";"";"";"";"";"";
"D21";"CGRM4007-G";"CGRM4007-G";"SOD-123_MINI-SMA";"Molded plasitc,JEDEC SOD-123/Mini SMA";"";"";"";"";"";"";"0";"";"";"";"";"";"";
"D22";"CGRM4007-G";"CGRM4007-G";"SOD-123_MINI-SMA";"Molded plasitc,JEDEC SOD-123/Mini SMA";"";"";"";"";"";"";"0";"";"";"";"";"";"";
"D23";"CGRM4007-G";"CGRM4007-G";"SOD-123_MINI-SMA";"Molded plasitc,JEDEC SOD-123/Mini SMA";"";"";"";"";"";"";"0";"";"";"";"";"";"";
"D24";"CGRM4007-G";"CGRM4007-G";"SOD-123_MINI-SMA";"Molded plasitc,JEDEC SOD-123/Mini SMA";"";"";"";"";"";"";"0";"";"";"";"";"";"";
"D25";"CGRM4007-G";"CGRM4007-G";"SOD-123_MINI-SMA";"Molded plasitc,JEDEC SOD-123/Mini SMA";"";"";"";"";"";"";"0";"";"";"";"";"";"";
"D26";"CGRM4007-G";"CGRM4007-G";"SOD-123_MINI-SMA";"Molded plasitc,JEDEC SOD-123/Mini SMA";"";"";"";"";"";"";"0";"";"";"";"";"";"";
"D27";"CGRM4007-G";"CGRM4007-G";"SOD-123_MINI-SMA";"Molded plasitc,JEDEC SOD-123/Mini SMA";"";"";"";"";"";"";"0";"";"";"";"";"";"";
"D28";"CGRM4007-G";"CGRM4007-G";"SOD-123_MINI-SMA";"Molded plasitc,JEDEC SOD-123/Mini SMA";"";"";"";"";"";"";"0";"";"";"";"";"";"";
"D29";"CGRM4007-G";"CGRM4007-G";"SOD-123_MINI-SMA";"Molded plasitc,JEDEC SOD-123/Mini SMA";"";"";"";"";"";"";"0";"";"";"";"";"";"";
"D30";"CGRM4007-G";"CGRM4007-G";"SOD-123_MINI-SMA";"Molded plasitc,JEDEC SOD-123/Mini SMA";"";"";"";"";"";"";"0";"";"";"";"";"";"";
"F1";"FUSESHK20L";"FUSESHK20L";"SHK20L";"Fuse";"";"";"";"";"unknown";"unknown";"2";"";"";"";"";"";"";
"IC2";"STM32F103VET";"STM32F103VET";"LQFP100";"ARM 32-bit Cortex™-M3 CPU";"";"";"";"";"";"";"";"";"";"";"";"";"";
"J1";"CON_TERMINAL_BLOCK_02-5MM";"CON_TERMINAL_BLOCK_02-5MM";"TERMINAL_BLOCK_2P_5";"2 poles wire to board terminal block";"";"";"";"";"";"";"";"";"";"";"";"";"";
"J2";"";"RJ45-HR911105A-HR911105A";"RJ45";"";"";"";"";"";"";"";"";"";"";"";"";"";"";
"J3";"POWER_JACKPTH_LOCK";"POWER_JACKPTH_LOCK";"POWER_JACK_PTH_LOCK";"Power Jack Connector";"";"";"";"";"";"";"";"";"CONN-08197";"PRT-00119";"";"";"";
"JP1";"";"PINHD-2X17";"2X17";"PIN HEADER";"";"";"";"";"";"";"0";"";"";"";"";"";"";
"L1";"GZ2012D101TF";"L_0805";"L0805";"INDUCTOR";"";"";"";"";"";"";"";"";"";"";"";"";"";
"LED1";"";"LEDCHIP-LED0603";"CHIP-LED0603";"LED";"";"";"";"";"";"";"26";"";"";"";"";"";"";
"LED2";"";"LEDSML0603";"SML0603";"LED";"";"";"";"";"";"";"17";"";"";"";"";"";"";
"LED3";"";"LEDSML0603";"SML0603";"LED";"";"";"";"";"";"";"17";"";"";"";"";"";"";
"LED4";"";"LEDSML0603";"SML0603";"LED";"";"";"";"";"";"";"17";"";"";"";"";"";"";
"LED5";"";"LEDSML0603";"SML0603";"LED";"";"";"";"";"";"";"17";"";"";"";"";"";"";
"LED6";"";"LEDSML0603";"SML0603";"LED";"";"";"";"";"";"";"17";"";"";"";"";"";"";
"LED7";"";"LEDSML0603";"SML0603";"LED";"";"";"";"";"";"";"17";"";"";"";"";"";"";
"LED8";"";"LEDSML0603";"SML0603";"LED";"";"";"";"";"";"";"17";"";"";"";"";"";"";
"LED9";"";"LEDSML0603";"SML0603";"LED";"";"";"";"";"";"";"17";"";"";"";"";"";"";
"LED10";"";"LEDSML0603";"SML0603";"LED";"";"";"";"";"";"";"17";"";"";"";"";"";"";
"LED11";"";"LEDSML0603";"SML0603";"LED";"";"";"";"";"";"";"17";"";"";"";"";"";"";
"LED12";"";"LEDSML0603";"SML0603";"LED";"";"";"";"";"";"";"17";"";"";"";"";"";"";
"LED13";"";"LEDSML0603";"SML0603";"LED";"";"";"";"";"";"";"17";"";"";"";"";"";"";
"LED14";"";"LEDSML0603";"SML0603";"LED";"";"";"";"";"";"";"17";"";"";"";"";"";"";
"LED15";"";"LEDSML0603";"SML0603";"LED";"";"";"";"";"";"";"17";"";"";"";"";"";"";
"LED16";"";"LEDSML0603";"SML0603";"LED";"";"";"";"";"";"";"17";"";"";"";"";"";"";
"LED17";"";"LEDSML0603";"SML0603";"LED";"";"";"";"";"";"";"17";"";"";"";"";"";"";
"LED18";"";"LEDSML0603";"SML0603";"LED";"";"";"";"";"";"";"17";"";"";"";"";"";"";
"LED19";"";"LEDSML0603";"SML0603";"LED";"";"";"";"";"";"";"17";"";"";"";"";"";"";
"LED20";"";"LEDSML0603";"SML0603";"LED";"";"";"";"";"";"";"17";"";"";"";"";"";"";
"LED21";"";"LEDSML0603";"SML0603";"LED";"";"";"";"";"";"";"17";"";"";"";"";"";"";
"LED22";"";"LEDSML0603";"SML0603";"LED";"";"";"";"";"";"";"17";"";"";"";"";"";"";
"LED23";"";"LEDSML0603";"SML0603";"LED";"";"";"";"";"";"";"17";"";"";"";"";"";"";
"LED24";"";"LEDSML0603";"SML0603";"LED";"";"";"";"";"";"";"17";"";"";"";"";"";"";
"LED25";"";"LEDSML0603";"SML0603";"LED";"";"";"";"";"";"";"17";"";"";"";"";"";"";
"LED26";"";"LEDSML0603";"SML0603";"LED";"";"";"";"";"";"";"17";"";"";"";"";"";"";
"LED27";"";"LEDSML0603";"SML0603";"LED";"";"";"";"";"";"";"17";"";"";"";"";"";"";
"LED28";"";"LEDSML0603";"SML0603";"LED";"";"";"";"";"";"";"17";"";"";"";"";"";"";
"LED29";"";"LEDSML0603";"SML0603";"LED";"";"";"";"";"";"";"17";"";"";"";"";"";"";
"OK1";"JC3H7C";"JC3H7C";"MINI-FLAT-4";"JC3H7C optocoupler";"";"C55287";"";"";"";"";"";"";"";"";"";"";"";
"OK2";"JC3H7C";"JC3H7C";"MINI-FLAT-4";"JC3H7C optocoupler";"";"C55287";"";"";"";"";"";"";"";"";"";"";"";
"OK3";"JC3H7C";"JC3H7C";"MINI-FLAT-4";"JC3H7C optocoupler";"";"C55287";"";"";"";"";"";"";"";"";"";"";"";
"OK4";"JC3H7C";"JC3H7C";"MINI-FLAT-4";"JC3H7C optocoupler";"";"C55287";"";"";"";"";"";"";"";"";"";"";"";
"OK5";"JC3H7C";"JC3H7C";"MINI-FLAT-4";"JC3H7C optocoupler";"";"C55287";"";"";"";"";"";"";"";"";"";"";"";
"OK6";"JC3H7C";"JC3H7C";"MINI-FLAT-4";"JC3H7C optocoupler";"";"C55287";"";"";"";"";"";"";"";"";"";"";"";
"OK7";"JC3H7C";"JC3H7C";"MINI-FLAT-4";"JC3H7C optocoupler";"";"C55287";"";"";"";"";"";"";"";"";"";"";"";
"OK8";"JC3H7C";"JC3H7C";"MINI-FLAT-4";"JC3H7C optocoupler";"";"C55287";"";"";"";"";"";"";"";"";"";"";"";
"OK9";"JC3H7C";"JC3H7C";"MINI-FLAT-4";"JC3H7C optocoupler";"";"C55287";"";"";"";"";"";"";"";"";"";"";"";
"OK10";"JC3H7C";"JC3H7C";"MINI-FLAT-4";"JC3H7C optocoupler";"";"C55287";"";"";"";"";"";"";"";"";"";"";"";
"OK11";"JC3H7C";"JC3H7C";"MINI-FLAT-4";"JC3H7C optocoupler";"";"C55287";"";"";"";"";"";"";"";"";"";"";"";
"OK12";"JC3H7C";"JC3H7C";"MINI-FLAT-4";"JC3H7C optocoupler";"";"C55287";"";"";"";"";"";"";"";"";"";"";"";
"OK13";"JC3H7C";"JC3H7C";"MINI-FLAT-4";"JC3H7C optocoupler";"";"C55287";"";"";"";"";"";"";"";"";"";"";"";
"OK14";"JC3H7C";"JC3H7C";"MINI-FLAT-4";"JC3H7C optocoupler";"";"C55287";"";"";"";"";"";"";"";"";"";"";"";
"OK15";"JC3H7C";"JC3H7C";"MINI-FLAT-4";"JC3H7C optocoupler";"";"C55287";"";"";"";"";"";"";"";"";"";"";"";
"OK16";"JC3H7C";"JC3H7C";"MINI-FLAT-4";"JC3H7C optocoupler";"";"C55287";"";"";"";"";"";"";"";"";"";"";"";
"OK17";"JC3H7C";"JC3H7C";"MINI-FLAT-4";"JC3H7C optocoupler";"";"C55287";"";"";"";"";"";"";"";"";"";"";"";
"OK18";"JC3H7C";"JC3H7C";"MINI-FLAT-4";"JC3H7C optocoupler";"";"C55287";"";"";"";"";"";"";"";"";"";"";"";
"OK19";"JC3H7C";"JC3H7C";"MINI-FLAT-4";"JC3H7C optocoupler";"";"C55287";"";"";"";"";"";"";"";"";"";"";"";
"OK20";"JC3H7C";"JC3H7C";"MINI-FLAT-4";"JC3H7C optocoupler";"";"C55287";"";"";"";"";"";"";"";"";"";"";"";
"OK21";"JC3H7C";"JC3H7C";"MINI-FLAT-4";"JC3H7C optocoupler";"";"C55287";"";"";"";"";"";"";"";"";"";"";"";
"OK22";"JC3H7C";"JC3H7C";"MINI-FLAT-4";"JC3H7C optocoupler";"";"C55287";"";"";"";"";"";"";"";"";"";"";"";
"OK23";"JC3H7C";"JC3H7C";"MINI-FLAT-4";"JC3H7C optocoupler";"";"C55287";"";"";"";"";"";"";"";"";"";"";"";
"OK24";"JC3H7C";"JC3H7C";"MINI-FLAT-4";"JC3H7C optocoupler";"";"C55287";"";"";"";"";"";"";"";"";"";"";"";
"OK25";"JC3H7C";"JC3H7C";"MINI-FLAT-4";"JC3H7C optocoupler";"";"C55287";"";"";"";"";"";"";"";"";"";"";"";
"OK26";"JC3H7C";"JC3H7C";"MINI-FLAT-4";"JC3H7C optocoupler";"";"C55287";"";"";"";"";"";"";"";"";"";"";"";
"OK27";"JC3H7C";"JC3H7C";"MINI-FLAT-4";"JC3H7C optocoupler";"";"C55287";"";"";"";"";"";"";"";"";"";"";"";
"OK28";"JC3H7C";"JC3H7C";"MINI-FLAT-4";"JC3H7C optocoupler";"";"C55287";"";"";"";"";"";"";"";"";"";"";"";
"Q1";"25MHz";"KX-7";"3.2X2.5_KX-7";"Quartz Crystals (MHz) SMD:";"";"";"";"";"";"";"";"";"";"";"";"";"";
"Q2";"S9012";"PNP-TRANSISTOR_SOT23";"SOT23";"PNP TRANSISTOR";"";"";"";"";"";"";"2";"";"";"";"";"";"";
"Q3";"8MHz";"KX-9B";"5.0X3.2_2";"Quartz Crystals (MHz) SMD:";"";"";"";"";"";"";"";"";"";"";"";"";"";
"Q4";"32.768KHz";"KX-327-NHT";"3.2X1.5";"Tuning Fork Crystals (kHz) SMD:";"";"";"";"";"";"";"";"";"";"";"";"";"";
"Q5";"12MHz";"KX-7";"3.2X2.5_KX-7";"Quartz Crystals (MHz) SMD:";"";"";"";"";"";"";"";"";"";"";"";"";"";
"R1";"6.2K";"R-EU_R0603";"R0603";"RESISTOR, European symbol";"";"";"";"";"";"";"70";"";"";"";"R";"";"";
"R2";"510R";"R-EU_R0402";"R0402";"RESISTOR, European symbol";"";"";"";"";"";"";"0";"";"";"";"R";"";"";
"R3";"390R";"R-EU_R0603";"R0603";"RESISTOR, European symbol";"";"";"";"";"";"";"70";"";"";"";"R";"";"";
"R4";"10K";"R-EU_R0402";"R0402";"RESISTOR, European symbol";"";"";"";"";"";"";"0";"";"";"";"R";"";"";
"R5";"680 Ohm";"R-EU_R0402";"R0402";"RESISTOR, European symbol";"";"";"";"";"";"";"0";"";"";"";"R";"";"";
"R6";"10K";"R-EU_R0402";"R0402";"RESISTOR, European symbol";"";"";"";"";"";"";"0";"";"";"";"R";"";"";
"R7";"3K";"R-EU_R0805";"R0805";"RESISTOR, European symbol";"";"";"";"";"";"";"86";"";"";"";"R";"";"";
"R8";"10K";"R-EU_R0402";"R0402";"RESISTOR, European symbol";"";"";"";"";"";"";"0";"";"";"";"R";"";"";
"R9";"100K";"R-EU_R0402";"R0402";"RESISTOR, European symbol";"";"";"";"";"";"";"0";"";"";"";"R";"";"";
"R10";"33R";"R-EU_R0805";"R0805";"RESISTOR, European symbol";"";"";"";"";"";"";"86";"";"";"";"R";"";"";
"R11";"100K";"R-EU_R0402";"R0402";"RESISTOR, European symbol";"";"";"";"";"";"";"0";"";"";"";"R";"";"";
"R12";"33R";"R-EU_R0805";"R0805";"RESISTOR, European symbol";"";"";"";"";"";"";"86";"";"";"";"R";"";"";
"R13";"1K";"R-EU_R0402";"R0402";"RESISTOR, European symbol";"";"";"";"";"";"";"0";"";"";"";"R";"";"";
"R14";"33R";"R-EU_R0805";"R0805";"RESISTOR, European symbol";"";"";"";"";"";"";"86";"";"";"";"R";"";"";
"R15";"680 Ohm";"R-EU_R0402";"R0402";"RESISTOR, European symbol";"";"";"";"";"";"";"0";"";"";"";"R";"";"";
"R16";"33R";"R-EU_R0805";"R0805";"RESISTOR, European symbol";"";"";"";"";"";"";"86";"";"";"";"R";"";"";
"R17";"3K";"R-EU_R0805";"R0805";"RESISTOR, European symbol";"";"";"";"";"";"";"86";"";"";"";"R";"";"";
"R18";"1K";"R-EU_R0402";"R0402";"RESISTOR, European symbol";"";"";"";"";"";"";"0";"";"";"";"R";"";"";
"R19";"680 Ohm";"R-EU_R0402";"R0402";"RESISTOR, European symbol";"";"";"";"";"";"";"0";"";"";"";"R";"";"";
"R20";"49R9";"R-EU_R0805";"R0805";"RESISTOR, European symbol";"";"";"";"";"";"";"86";"";"";"";"R";"";"";
"R21";"3K";"R-EU_R0805";"R0805";"RESISTOR, European symbol";"";"";"";"";"";"";"86";"";"";"";"R";"";"";
"R22";"49R9";"R-EU_R0805";"R0805";"RESISTOR, European symbol";"";"";"";"";"";"";"86";"";"";"";"R";"";"";
"R23";"1K";"R-EU_R0402";"R0402";"RESISTOR, European symbol";"";"";"";"";"";"";"0";"";"";"";"R";"";"";
"R24";"49R9";"R-EU_R0805";"R0805";"RESISTOR, European symbol";"";"";"";"";"";"";"86";"";"";"";"R";"";"";
"R25";"680 Ohm";"R-EU_R0402";"R0402";"RESISTOR, European symbol";"";"";"";"";"";"";"0";"";"";"";"R";"";"";
"R26";"330R";"R-EU_R0402";"R0402";"RESISTOR, European symbol";"";"";"";"";"";"";"0";"";"";"";"R";"";"";
"R27";"3K";"R-EU_R0805";"R0805";"RESISTOR, European symbol";"";"";"";"";"";"";"86";"";"";"";"R";"";"";
"R28";"330R";"R-EU_R0402";"R0402";"RESISTOR, European symbol";"";"";"";"";"";"";"0";"";"";"";"R";"";"";
"R29";"10K";"R-EU_R0402";"R0402";"RESISTOR, European symbol";"";"";"";"";"";"";"0";"";"";"";"R";"";"";
"R30";"6.2K";"R-EU_R0603";"R0603";"RESISTOR, European symbol";"";"";"";"";"";"";"70";"";"";"";"R";"";"";
"R31";"10K";"R-EU_R0402";"R0402";"RESISTOR, European symbol";"";"";"";"";"";"";"0";"";"";"";"R";"";"";
"R32";"680 Ohm";"R-EU_R0402";"R0402";"RESISTOR, European symbol";"";"";"";"";"";"";"0";"";"";"";"R";"";"";
"R33";"3K";"R-EU_R0805";"R0805";"RESISTOR, European symbol";"";"";"";"";"";"";"86";"";"";"";"R";"";"";
"R34";"49R9";"R-EU_R0805";"R0805";"RESISTOR, European symbol";"";"";"";"";"";"";"86";"";"";"";"R";"";"";
"R35";"680 Ohm";"R-EU_R0402";"R0402";"RESISTOR, European symbol";"";"";"";"";"";"";"0";"";"";"";"R";"";"";
"R36";"49R9";"R-EU_R0805";"R0805";"RESISTOR, European symbol";"";"";"";"";"";"";"86";"";"";"";"R";"";"";
"R37";"680 Ohm";"R-EU_R0402";"R0402";"RESISTOR, European symbol";"";"";"";"";"";"";"0";"";"";"";"R";"";"";
"R38";"3K";"R-EU_R0805";"R0805";"RESISTOR, European symbol";"";"";"";"";"";"";"86";"";"";"";"R";"";"";
"R39";"3K";"R-EU_R0805";"R0805";"RESISTOR, European symbol";"";"";"";"";"";"";"86";"";"";"";"R";"";"";
"R40";"680 Ohm";"R-EU_R0402";"R0402";"RESISTOR, European symbol";"";"";"";"";"";"";"0";"";"";"";"R";"";"";
"R41";"3K";"R-EU_R0805";"R0805";"RESISTOR, European symbol";"";"";"";"";"";"";"86";"";"";"";"R";"";"";
"R42";"100K";"R-EU_R0402";"R0402";"RESISTOR, European symbol";"";"";"";"";"";"";"0";"";"";"";"R";"";"";
"R43";"680 Ohm";"R-EU_R0402";"R0402";"RESISTOR, European symbol";"";"";"";"";"";"";"0";"";"";"";"R";"";"";
"R44";"3K";"R-EU_R0805";"R0805";"RESISTOR, European symbol";"";"";"";"";"";"";"86";"";"";"";"R";"";"";
"R45";"680 Ohm";"R-EU_R0402";"R0402";"RESISTOR, European symbol";"";"";"";"";"";"";"0";"";"";"";"R";"";"";
"R46";"680 Ohm";"R-EU_R0402";"R0402";"RESISTOR, European symbol";"";"";"";"";"";"";"0";"";"";"";"R";"";"";
"R47";"3K";"R-EU_R0805";"R0805";"RESISTOR, European symbol";"";"";"";"";"";"";"86";"";"";"";"R";"";"";
"R48";"3K";"R-EU_R0805";"R0805";"RESISTOR, European symbol";"";"";"";"";"";"";"86";"";"";"";"R";"";"";
"R49";"680 Ohm";"R-EU_R0402";"R0402";"RESISTOR, European symbol";"";"";"";"";"";"";"0";"";"";"";"R";"";"";
"R50";"3K";"R-EU_R0805";"R0805";"RESISTOR, European symbol";"";"";"";"";"";"";"86";"";"";"";"R";"";"";
"R51";"100K";"R-EU_R0402";"R0402";"RESISTOR, European symbol";"";"";"";"";"";"";"0";"";"";"";"R";"";"";
"R52";"1M";"R-EU_R0402";"R0402";"RESISTOR, European symbol";"";"";"";"";"";"";"0";"";"";"";"R";"";"";
"R53";"680 Ohm";"R-EU_R0402";"R0402";"RESISTOR, European symbol";"";"";"";"";"";"";"0";"";"";"";"R";"";"";
"R54";"3K";"R-EU_R0805";"R0805";"RESISTOR, European symbol";"";"";"";"";"";"";"86";"";"";"";"R";"";"";
"R55";"680 Ohm";"R-EU_R0402";"R0402";"RESISTOR, European symbol";"";"";"";"";"";"";"0";"";"";"";"R";"";"";
"R56";"680 Ohm";"R-EU_R0402";"R0402";"RESISTOR, European symbol";"";"";"";"";"";"";"0";"";"";"";"R";"";"";
"R57";"3K";"R-EU_R0805";"R0805";"RESISTOR, European symbol";"";"";"";"";"";"";"86";"";"";"";"R";"";"";
"R58";"3K";"R-EU_R0805";"R0805";"RESISTOR, European symbol";"";"";"";"";"";"";"86";"";"";"";"R";"";"";
"R59";"680 Ohm";"R-EU_R0402";"R0402";"RESISTOR, European symbol";"";"";"";"";"";"";"0";"";"";"";"R";"";"";
"R60";"3K";"R-EU_R0805";"R0805";"RESISTOR, European symbol";"";"";"";"";"";"";"86";"";"";"";"R";"";"";
"R61";"100K";"R-EU_R0402";"R0402";"RESISTOR, European symbol";"";"";"";"";"";"";"0";"";"";"";"R";"";"";
"R62";"680 Ohm";"R-EU_R0402";"R0402";"RESISTOR, European symbol";"";"";"";"";"";"";"0";"";"";"";"R";"";"";
"R63";"3K";"R-EU_R0805";"R0805";"RESISTOR, European symbol";"";"";"";"";"";"";"86";"";"";"";"R";"";"";
"R64";"680 Ohm";"R-EU_R0402";"R0402";"RESISTOR, European symbol";"";"";"";"";"";"";"0";"";"";"";"R";"";"";
"R65";"680 Ohm";"R-EU_R0402";"R0402";"RESISTOR, European symbol";"";"";"";"";"";"";"0";"";"";"";"R";"";"";
"R66";"3K";"R-EU_R0805";"R0805";"RESISTOR, European symbol";"";"";"";"";"";"";"86";"";"";"";"R";"";"";
"R67";"3K";"R-EU_R0805";"R0805";"RESISTOR, European symbol";"";"";"";"";"";"";"86";"";"";"";"R";"";"";
"R68";"680 Ohm";"R-EU_R0402";"R0402";"RESISTOR, European symbol";"";"";"";"";"";"";"0";"";"";"";"R";"";"";
"R69";"3K";"R-EU_R0805";"R0805";"RESISTOR, European symbol";"";"";"";"";"";"";"86";"";"";"";"R";"";"";
"R70";"100K";"R-EU_R0402";"R0402";"RESISTOR, European symbol";"";"";"";"";"";"";"0";"";"";"";"R";"";"";
"R71";"680 Ohm";"R-EU_R0402";"R0402";"RESISTOR, European symbol";"";"";"";"";"";"";"0";"";"";"";"R";"";"";
"R72";"3K";"R-EU_R0805";"R0805";"RESISTOR, European symbol";"";"";"";"";"";"";"86";"";"";"";"R";"";"";
"R73";"6.8K";"R-EU_R0402";"R0402";"RESISTOR, European symbol";"";"";"";"";"";"";"0";"";"";"";"R";"";"";
"R74";"680 Ohm";"R-EU_R0402";"R0402";"RESISTOR, European symbol";"";"";"";"";"";"";"0";"";"";"";"R";"";"";
"R75";"3K";"R-EU_R0805";"R0805";"RESISTOR, European symbol";"";"";"";"";"";"";"86";"";"";"";"R";"";"";
"R76";"6.8K";"R-EU_R0402";"R0402";"RESISTOR, European symbol";"";"";"";"";"";"";"0";"";"";"";"R";"";"";
"R77";"680 Ohm";"R-EU_R0402";"R0402";"RESISTOR, European symbol";"";"";"";"";"";"";"0";"";"";"";"R";"";"";
"R78";"3K";"R-EU_R0805";"R0805";"RESISTOR, European symbol";"";"";"";"";"";"";"86";"";"";"";"R";"";"";
"R79";"6.8K";"R-EU_R0402";"R0402";"RESISTOR, European symbol";"";"";"";"";"";"";"0";"";"";"";"R";"";"";
"R80";"680 Ohm";"R-EU_R0402";"R0402";"RESISTOR, European symbol";"";"";"";"";"";"";"0";"";"";"";"R";"";"";
"R81";"3K";"R-EU_R0805";"R0805";"RESISTOR, European symbol";"";"";"";"";"";"";"86";"";"";"";"R";"";"";
"R82";"6.8K";"R-EU_R0402";"R0402";"RESISTOR, European symbol";"";"";"";"";"";"";"0";"";"";"";"R";"";"";
"R83";"680 Ohm";"R-EU_R0402";"R0402";"RESISTOR, European symbol";"";"";"";"";"";"";"0";"";"";"";"R";"";"";
"R84";"3K";"R-EU_R0805";"R0805";"RESISTOR, European symbol";"";"";"";"";"";"";"86";"";"";"";"R";"";"";
"R85";"6.8K";"R-EU_R0402";"R0402";"RESISTOR, European symbol";"";"";"";"";"";"";"0";"";"";"";"R";"";"";
"R86";"680 Ohm";"R-EU_R0402";"R0402";"RESISTOR, European symbol";"";"";"";"";"";"";"0";"";"";"";"R";"";"";
"R87";"3K";"R-EU_R0805";"R0805";"RESISTOR, European symbol";"";"";"";"";"";"";"86";"";"";"";"R";"";"";
"R88";"6.8K";"R-EU_R0402";"R0402";"RESISTOR, European symbol";"";"";"";"";"";"";"0";"";"";"";"R";"";"";
"R89";"680 Ohm";"R-EU_R0402";"R0402";"RESISTOR, European symbol";"";"";"";"";"";"";"0";"";"";"";"R";"";"";
"R90";"3K";"R-EU_R0805";"R0805";"RESISTOR, European symbol";"";"";"";"";"";"";"86";"";"";"";"R";"";"";
"R91";"6.8K";"R-EU_R0402";"R0402";"RESISTOR, European symbol";"";"";"";"";"";"";"0";"";"";"";"R";"";"";
"R92";"680 Ohm";"R-EU_R0402";"R0402";"RESISTOR, European symbol";"";"";"";"";"";"";"0";"";"";"";"R";"";"";
"R93";"3K";"R-EU_R0805";"R0805";"RESISTOR, European symbol";"";"";"";"";"";"";"86";"";"";"";"R";"";"";
"R94";"6.8K";"R-EU_R0402";"R0402";"RESISTOR, European symbol";"";"";"";"";"";"";"0";"";"";"";"R";"";"";
"R95";"100K";"R-EU_R0402";"R0402";"RESISTOR, European symbol";"";"";"";"";"";"";"0";"";"";"";"R";"";"";
"R96";"100K";"R-EU_R0402";"R0402";"RESISTOR, European symbol";"";"";"";"";"";"";"0";"";"";"";"R";"";"";
"R97";"100K";"R-EU_R0402";"R0402";"RESISTOR, European symbol";"";"";"";"";"";"";"0";"";"";"";"R";"";"";
"R98";"100K";"R-EU_R0402";"R0402";"RESISTOR, European symbol";"";"";"";"";"";"";"0";"";"";"";"R";"";"";
"R99";"100K";"R-EU_R0402";"R0402";"RESISTOR, European symbol";"";"";"";"";"";"";"0";"";"";"";"R";"";"";
"R100";"100K";"R-EU_R0402";"R0402";"RESISTOR, European symbol";"";"";"";"";"";"";"0";"";"";"";"R";"";"";
"R101";"100K";"R-EU_R0402";"R0402";"RESISTOR, European symbol";"";"";"";"";"";"";"0";"";"";"";"R";"";"";
"R102";"100K";"R-EU_R0402";"R0402";"RESISTOR, European symbol";"";"";"";"";"";"";"0";"";"";"";"R";"";"";
"R103";"100K";"R-EU_R0402";"R0402";"RESISTOR, European symbol";"";"";"";"";"";"";"0";"";"";"";"R";"";"";
"R104";"100K";"R-EU_R0402";"R0402";"RESISTOR, European symbol";"";"";"";"";"";"";"0";"";"";"";"R";"";"";
"R105";"100K";"R-EU_R0402";"R0402";"RESISTOR, European symbol";"";"";"";"";"";"";"0";"";"";"";"R";"";"";
"R106";"100K";"R-EU_R0402";"R0402";"RESISTOR, European symbol";"";"";"";"";"";"";"0";"";"";"";"R";"";"";
"R107";"100K";"R-EU_R0402";"R0402";"RESISTOR, European symbol";"";"";"";"";"";"";"0";"";"";"";"R";"";"";
"R108";"100K";"R-EU_R0402";"R0402";"RESISTOR, European symbol";"";"";"";"";"";"";"0";"";"";"";"R";"";"";
"R109";"100K";"R-EU_R0402";"R0402";"RESISTOR, European symbol";"";"";"";"";"";"";"0";"";"";"";"R";"";"";
"R110";"100K";"R-EU_R0402";"R0402";"RESISTOR, European symbol";"";"";"";"";"";"";"0";"";"";"";"R";"";"";
"R111";"100K";"R-EU_R0402";"R0402";"RESISTOR, European symbol";"";"";"";"";"";"";"0";"";"";"";"R";"";"";
"R112";"100K";"R-EU_R0402";"R0402";"RESISTOR, European symbol";"";"";"";"";"";"";"0";"";"";"";"R";"";"";
"R113";"100K";"R-EU_R0402";"R0402";"RESISTOR, European symbol";"";"";"";"";"";"";"0";"";"";"";"R";"";"";
"R114";"100K";"R-EU_R0402";"R0402";"RESISTOR, European symbol";"";"";"";"";"";"";"0";"";"";"";"R";"";"";
"R115";"100K";"R-EU_R0402";"R0402";"RESISTOR, European symbol";"";"";"";"";"";"";"0";"";"";"";"R";"";"";
"R116";"100K";"R-EU_R0402";"R0402";"RESISTOR, European symbol";"";"";"";"";"";"";"0";"";"";"";"R";"";"";
"R117";"100K";"R-EU_R0402";"R0402";"RESISTOR, European symbol";"";"";"";"";"";"";"0";"";"";"";"R";"";"";
"R118";"100K";"R-EU_R0402";"R0402";"RESISTOR, European symbol";"";"";"";"";"";"";"0";"";"";"";"R";"";"";
"R119";"6.8K";"R-EU_R0402";"R0402";"RESISTOR, European symbol";"";"";"";"";"";"";"0";"";"";"";"R";"";"";
"R120";"6.8K";"R-EU_R0402";"R0402";"RESISTOR, European symbol";"";"";"";"";"";"";"0";"";"";"";"R";"";"";
"R121";"6.8K";"R-EU_R0402";"R0402";"RESISTOR, European symbol";"";"";"";"";"";"";"0";"";"";"";"R";"";"";
"R122";"6.8K";"R-EU_R0402";"R0402";"RESISTOR, European symbol";"";"";"";"";"";"";"0";"";"";"";"R";"";"";
"R123";"6.8K";"R-EU_R0402";"R0402";"RESISTOR, European symbol";"";"";"";"";"";"";"0";"";"";"";"R";"";"";
"R124";"6.8K";"R-EU_R0402";"R0402";"RESISTOR, European symbol";"";"";"";"";"";"";"0";"";"";"";"R";"";"";
"R125";"6.8K";"R-EU_R0402";"R0402";"RESISTOR, European symbol";"";"";"";"";"";"";"0";"";"";"";"R";"";"";
"R126";"6.8K";"R-EU_R0402";"R0402";"RESISTOR, European symbol";"";"";"";"";"";"";"0";"";"";"";"R";"";"";
"R127";"6.8K";"R-EU_R0402";"R0402";"RESISTOR, European symbol";"";"";"";"";"";"";"0";"";"";"";"R";"";"";
"R128";"6.8K";"R-EU_R0402";"R0402";"RESISTOR, European symbol";"";"";"";"";"";"";"0";"";"";"";"R";"";"";
"R129";"6.8K";"R-EU_R0402";"R0402";"RESISTOR, European symbol";"";"";"";"";"";"";"0";"";"";"";"R";"";"";
"R130";"6.8K";"R-EU_R0402";"R0402";"RESISTOR, European symbol";"";"";"";"";"";"";"0";"";"";"";"R";"";"";
"R131";"6.8K";"R-EU_R0402";"R0402";"RESISTOR, European symbol";"";"";"";"";"";"";"0";"";"";"";"R";"";"";
"R132";"6.8K";"R-EU_R0402";"R0402";"RESISTOR, European symbol";"";"";"";"";"";"";"0";"";"";"";"R";"";"";
"R133";"6.8K";"R-EU_R0402";"R0402";"RESISTOR, European symbol";"";"";"";"";"";"";"0";"";"";"";"R";"";"";
"R134";"6.8K";"R-EU_R0402";"R0402";"RESISTOR, European symbol";"";"";"";"";"";"";"0";"";"";"";"R";"";"";
"R135";"6.8K";"R-EU_R0402";"R0402";"RESISTOR, European symbol";"";"";"";"";"";"";"0";"";"";"";"R";"";"";
"R136";"6.8K";"R-EU_R0402";"R0402";"RESISTOR, European symbol";"";"";"";"";"";"";"0";"";"";"";"R";"";"";
"R137";"6.8K";"R-EU_R0402";"R0402";"RESISTOR, European symbol";"";"";"";"";"";"";"0";"";"";"";"R";"";"";
"R138";"6.8K";"R-EU_R0402";"R0402";"RESISTOR, European symbol";"";"";"";"";"";"";"0";"";"";"";"R";"";"";
"RN1";"10K";"4R-N0402ARV341";"4X0402ARV341";"Array Chip Resistor";"";"";"";"";"unknown";"unknown";"0";"";"";"";"";"";"";
"RN2";"10K";"4R-N0402ARV341";"4X0402ARV341";"Array Chip Resistor";"";"";"";"";"unknown";"unknown";"0";"";"";"";"";"";"";
"S2";"DTSM-3";"DTSM-3";"DTSM-3";"";"";"";"";"";"";"";"";"";"";"";"";"";"";
"U$1";"CH340G";"CH340G";"SOIC16";"";"";"";"";"";"";"";"";"";"";"";"";"";"";
"U$2";"DC-DC-STEP-DOWN-MP1584";"DC-DC-STEP-DOWN-MP1584";"DC-DC-STEP-DOWN-MP1584";"DC/DC Step-Down Regulator based on MP1584 chip";"";"";"";"";"";"";"";"";"";"";"";"";"";
"U1";"S9013";"NPN_BJTMMBT3904_SOT-23-3";"SOT-23-3";"Library:  MF_Discrete_Semiconductor";"YES";"";"";"MF-DSC-SOT233-MMBT5551";"";"";"";"1";"";"";"";"https://factory.macrofab.com/part/MF-DSC-SOT233-MMBT3904";"MF-DSC-SOT233-MMBT3904";
"U2";"W5500";"W5500";"W5500";"";"";"";"";"";"";"";"";"";"";"";"";"";"";
"U3";"NPN BJT S9013";"NPN_BJTMMBT3904_SOT-23-3";"SOT-23-3";"Library:  MF_Discrete_Semiconductor";"YES";"";"";"MF-DSC-SOT233-MMBT3904";"";"";"";"1";"";"";"";"https://factory.macrofab.com/part/MF-DSC-SOT233-MMBT3904";"MF-DSC-SOT233-MMBT3904";
"U4";"NPN BJT S9013";"NPN_BJTMMBT3904_SOT-23-3";"SOT-23-3";"Library:  MF_Discrete_Semiconductor";"YES";"";"";"MF-DSC-SOT233-MMBT3904";"";"";"";"1";"";"";"";"https://factory.macrofab.com/part/MF-DSC-SOT233-MMBT3904";"MF-DSC-SOT233-MMBT3904";
"U5";"NPN BJT S9013";"NPN_BJTMMBT3904_SOT-23-3";"SOT-23-3";"Library:  MF_Discrete_Semiconductor";"YES";"";"";"MF-DSC-SOT233-MMBT3904";"";"";"";"1";"";"";"";"https://factory.macrofab.com/part/MF-DSC-SOT233-MMBT3904";"MF-DSC-SOT233-MMBT3904";
"U6";"NPN BJT S9013";"NPN_BJTMMBT3904_SOT-23-3";"SOT-23-3";"Library:  MF_Discrete_Semiconductor";"YES";"";"";"MF-DSC-SOT233-MMBT3904";"";"";"";"1";"";"";"";"https://factory.macrofab.com/part/MF-DSC-SOT233-MMBT3904";"MF-DSC-SOT233-MMBT3904";
"U7";"NPN BJT S9013";"NPN_BJTMMBT3904_SOT-23-3";"SOT-23-3";"Library:  MF_Discrete_Semiconductor";"YES";"";"";"MF-DSC-SOT233-MMBT3904";"";"";"";"1";"";"";"";"https://factory.macrofab.com/part/MF-DSC-SOT233-MMBT3904";"MF-DSC-SOT233-MMBT3904";
"U8";"NPN BJT S9013";"NPN_BJTMMBT3904_SOT-23-3";"SOT-23-3";"Library:  MF_Discrete_Semiconductor";"YES";"";"";"MF-DSC-SOT233-MMBT3904";"";"";"";"1";"";"";"";"https://factory.macrofab.com/part/MF-DSC-SOT233-MMBT3904";"MF-DSC-SOT233-MMBT3904";
"U9";"NPN BJT S9013";"NPN_BJTMMBT3904_SOT-23-3";"SOT-23-3";"Library:  MF_Discrete_Semiconductor";"YES";"";"";"MF-DSC-SOT233-MMBT3904";"";"";"";"1";"";"";"";"https://factory.macrofab.com/part/MF-DSC-SOT233-MMBT3904";"MF-DSC-SOT233-MMBT3904";
"U10";"NPN BJT S9013";"NPN_BJTMMBT3904_SOT-23-3";"SOT-23-3";"Library:  MF_Discrete_Semiconductor";"YES";"";"";"MF-DSC-SOT233-MMBT3904";"";"";"";"1";"";"";"";"https://factory.macrofab.com/part/MF-DSC-SOT233-MMBT3904";"MF-DSC-SOT233-MMBT3904";
"U11";"NPN BJT S9013";"NPN_BJTMMBT3904_SOT-23-3";"SOT-23-3";"Library:  MF_Discrete_Semiconductor";"YES";"";"";"MF-DSC-SOT233-MMBT3904";"";"";"";"1";"";"";"";"https://factory.macrofab.com/part/MF-DSC-SOT233-MMBT3904";"MF-DSC-SOT233-MMBT3904";
"U12";"NPN BJT S9013";"NPN_BJTMMBT3904_SOT-23-3";"SOT-23-3";"Library:  MF_Discrete_Semiconductor";"YES";"";"";"MF-DSC-SOT233-MMBT3904";"";"";"";"1";"";"";"";"https://factory.macrofab.com/part/MF-DSC-SOT233-MMBT3904";"MF-DSC-SOT233-MMBT3904";
"U13";"NPN BJT S9013";"NPN_BJTMMBT3904_SOT-23-3";"SOT-23-3";"Library:  MF_Discrete_Semiconductor";"YES";"";"";"MF-DSC-SOT233-MMBT3904";"";"";"";"1";"";"";"";"https://factory.macrofab.com/part/MF-DSC-SOT233-MMBT3904";"MF-DSC-SOT233-MMBT3904";
"U14";"NPN BJT S9013";"NPN_BJTMMBT3904_SOT-23-3";"SOT-23-3";"Library:  MF_Discrete_Semiconductor";"YES";"";"";"MF-DSC-SOT233-MMBT3904";"";"";"";"1";"";"";"";"https://factory.macrofab.com/part/MF-DSC-SOT233-MMBT3904";"MF-DSC-SOT233-MMBT3904";
"U15";"NPN BJT S9013";"NPN_BJTMMBT3904_SOT-23-3";"SOT-23-3";"Library:  MF_Discrete_Semiconductor";"YES";"";"";"MF-DSC-SOT233-MMBT3904";"";"";"";"1";"";"";"";"https://factory.macrofab.com/part/MF-DSC-SOT233-MMBT3904";"MF-DSC-SOT233-MMBT3904";
"U16";"NPN BJT S9013";"NPN_BJTMMBT3904_SOT-23-3";"SOT-23-3";"Library:  MF_Discrete_Semiconductor";"YES";"";"";"MF-DSC-SOT233-MMBT3904";"";"";"";"1";"";"";"";"https://factory.macrofab.com/part/MF-DSC-SOT233-MMBT3904";"MF-DSC-SOT233-MMBT3904";
"U17";"NPN BJT S9013";"NPN_BJTMMBT3904_SOT-23-3";"SOT-23-3";"Library:  MF_Discrete_Semiconductor";"YES";"";"";"MF-DSC-SOT233-MMBT3904";"";"";"";"1";"";"";"";"https://factory.macrofab.com/part/MF-DSC-SOT233-MMBT3904";"MF-DSC-SOT233-MMBT3904";
"U18";"NPN BJT S9013";"NPN_BJTMMBT3904_SOT-23-3";"SOT-23-3";"Library:  MF_Discrete_Semiconductor";"YES";"";"";"MF-DSC-SOT233-MMBT3904";"";"";"";"1";"";"";"";"https://factory.macrofab.com/part/MF-DSC-SOT233-MMBT3904";"MF-DSC-SOT233-MMBT3904";
"U19";"NPN BJT S9013";"NPN_BJTMMBT3904_SOT-23-3";"SOT-23-3";"Library:  MF_Discrete_Semiconductor";"YES";"";"";"MF-DSC-SOT233-MMBT3904";"";"";"";"1";"";"";"";"https://factory.macrofab.com/part/MF-DSC-SOT233-MMBT3904";"MF-DSC-SOT233-MMBT3904";
"U20";"NPN BJT S9013";"NPN_BJTMMBT3904_SOT-23-3";"SOT-23-3";"Library:  MF_Discrete_Semiconductor";"YES";"";"";"MF-DSC-SOT233-MMBT3904";"";"";"";"1";"";"";"";"https://factory.macrofab.com/part/MF-DSC-SOT233-MMBT3904";"MF-DSC-SOT233-MMBT3904";
"U21";"NPN BJT S9013";"NPN_BJTMMBT3904_SOT-23-3";"SOT-23-3";"Library:  MF_Discrete_Semiconductor";"YES";"";"";"MF-DSC-SOT233-MMBT3904";"";"";"";"1";"";"";"";"https://factory.macrofab.com/part/MF-DSC-SOT233-MMBT3904";"MF-DSC-SOT233-MMBT3904";
"U22";"NPN BJT S9013";"NPN_BJTMMBT3904_SOT-23-3";"SOT-23-3";"Library:  MF_Discrete_Semiconductor";"YES";"";"";"MF-DSC-SOT233-MMBT3904";"";"";"";"1";"";"";"";"https://factory.macrofab.com/part/MF-DSC-SOT233-MMBT3904";"MF-DSC-SOT233-MMBT3904";
"U23";"NPN BJT S9013";"NPN_BJTMMBT3904_SOT-23-3";"SOT-23-3";"Library:  MF_Discrete_Semiconductor";"YES";"";"";"MF-DSC-SOT233-MMBT3904";"";"";"";"1";"";"";"";"https://factory.macrofab.com/part/MF-DSC-SOT233-MMBT3904";"MF-DSC-SOT233-MMBT3904";
"U24";"NPN BJT S9013";"NPN_BJTMMBT3904_SOT-23-3";"SOT-23-3";"Library:  MF_Discrete_Semiconductor";"YES";"";"";"MF-DSC-SOT233-MMBT3904";"";"";"";"1";"";"";"";"https://factory.macrofab.com/part/MF-DSC-SOT233-MMBT3904";"MF-DSC-SOT233-MMBT3904";
"U25";"NPN BJT S9013";"NPN_BJTMMBT3904_SOT-23-3";"SOT-23-3";"Library:  MF_Discrete_Semiconductor";"YES";"";"";"MF-DSC-SOT233-MMBT3904";"";"";"";"1";"";"";"";"https://factory.macrofab.com/part/MF-DSC-SOT233-MMBT3904";"MF-DSC-SOT233-MMBT3904";
"U26";"NPN BJT S9013";"NPN_BJTMMBT3904_SOT-23-3";"SOT-23-3";"Library:  MF_Discrete_Semiconductor";"YES";"";"";"MF-DSC-SOT233-MMBT3904";"";"";"";"1";"";"";"";"https://factory.macrofab.com/part/MF-DSC-SOT233-MMBT3904";"MF-DSC-SOT233-MMBT3904";
"U27";"NPN BJT S9013";"NPN_BJTMMBT3904_SOT-23-3";"SOT-23-3";"Library:  MF_Discrete_Semiconductor";"YES";"";"";"MF-DSC-SOT233-MMBT3904";"";"";"";"1";"";"";"";"https://factory.macrofab.com/part/MF-DSC-SOT233-MMBT3904";"MF-DSC-SOT233-MMBT3904";
"U28";"NPN BJT S9013";"NPN_BJTMMBT3904_SOT-23-3";"SOT-23-3";"Library:  MF_Discrete_Semiconductor";"YES";"";"";"MF-DSC-SOT233-MMBT3904";"";"";"";"1";"";"";"";"https://factory.macrofab.com/part/MF-DSC-SOT233-MMBT3904";"MF-DSC-SOT233-MMBT3904";
"U29";"NPN BJT S9013";"NPN_BJTMMBT3904_SOT-23-3";"SOT-23-3";"Library:  MF_Discrete_Semiconductor";"YES";"";"";"MF-DSC-SOT233-MMBT3904";"";"";"";"1";"";"";"";"https://factory.macrofab.com/part/MF-DSC-SOT233-MMBT3904";"MF-DSC-SOT233-MMBT3904";
"U30";"NPN BJT S9013";"NPN_BJTMMBT3904_SOT-23-3";"SOT-23-3";"Library:  MF_Discrete_Semiconductor";"YES";"";"";"MF-DSC-SOT233-MMBT3904";"";"";"";"1";"";"";"";"https://factory.macrofab.com/part/MF-DSC-SOT233-MMBT3904";"MF-DSC-SOT233-MMBT3904";
"X1";"TERMINAL-BLOCK-3.5MM-8-PIN-LONG-PAD";"TERMINAL-BLOCK-3.5MM-8-PIN-LONG-PAD";"TERMINAL-BLOCK-8-PIN-3.5MM-LONG-PAD";"Terminal Block 3.5mm";"";"";"";"";"";"";"";"";"";"";"";"";"";
"X2";"TERMINAL-BLOCK-3.5MM-9-PIN-LONG-PAD";"TERMINAL-BLOCK-3.5MM-9-PIN-LONG-PAD";"TERMINAL-BLOCK-9-PIN-3.5MM-LONG-PAD";"Terminal Block 3.5mm";"";"";"";"";"";"";"";"";"";"";"";"";"";
"X4";"TERMINAL-BLOCK-3.5MM-4-PIN-LONG-PAD";"TERMINAL-BLOCK-3.5MM-4-PIN-LONG-PAD";"TERMINAL-BLOCK-4-PIN-3.5MM-LONG-PAD";"Terminal Block 3.5mm";"";"";"";"";"";"";"";"";"";"";"";"";"";
"X5";"TERMINAL-BLOCK-3.5MM-4-PIN-LONG-PAD";"TERMINAL-BLOCK-3.5MM-4-PIN-LONG-PAD";"TERMINAL-BLOCK-4-PIN-3.5MM-LONG-PAD";"Terminal Block 3.5mm";"";"";"";"";"";"";"";"";"";"";"";"";"";
"X7";"TERMINAL-BLOCK-3.5MM-8-PIN-LONG-PAD";"TERMINAL-BLOCK-3.5MM-8-PIN-LONG-PAD";"TERMINAL-BLOCK-8-PIN-3.5MM-LONG-PAD";"Terminal Block 3.5mm";"";"";"";"";"";"";"";"";"";"";"";"";"";
"X8";"TERMINAL-BLOCK-3.5MM-8-PIN-LONG-PAD";"TERMINAL-BLOCK-3.5MM-8-PIN-LONG-PAD";"TERMINAL-BLOCK-8-PIN-3.5MM-LONG-PAD";"Terminal Block 3.5mm";"";"";"";"";"";"";"";"";"";"";"";"";"";
